<?xml version="1.0" encoding="UTF-8"?>
<beans xmlns="http://www.springframework.org/schema/beans"
       xmlns:xsi="http://www.w3.org/2001/XMLSchema-instance"
       xmlns:util="http://www.springframework.org/schema/util"
       xmlns:context="http://www.springframework.org/schema/context"
       xmlns:mvc="http://www.springframework.org/schema/mvc"
       xsi:schemaLocation="http://www.springframework.org/schema/beans http://www.springframework.org/schema/beans/spring-beans.xsd
                           http://www.springframework.org/schema/util http://www.springframework.org/schema/util/spring-util-4.3.xsd
                           http://www.springframework.org/schema/context http://www.springframework.org/schema/context/spring-context-4.3.xsd
                           http://www.springframework.org/schema/mvc http://www.springframework.org/schema/mvc/spring-mvc-4.3.xsd">

    <context:component-scan base-package="com.tqz.business.rest"/>

    <mvc:annotation-driven>
        <mvc:message-converters register-defaults="true">
            <bean class="org.springframework.http.converter.StringHttpMessageConverter"/>
            <bean class="org.springframework.http.converter.BufferedImageHttpMessageConverter"/>
            <bean class="org.springframework.http.converter.ByteArrayHttpMessageConverter"/>
            <bean class="org.springframework.http.converter.json.MappingJackson2HttpMessageConverter">
                <property name="supportedMediaTypes">
                    <list>
                        <value>text/html; charset=UTF-8</value>
                        <value>application/json;charset=UTF-8</value>
                    </list>
                </property>
                <property name="objectMapper">
                    <bean class="org.springframework.http.converter.json.Jackson2ObjectMapperFactoryBean">
                        <property name="featuresToEnable">
                            <array>
                                <util:constant
                                        static-field="com.fasterxml.jackson.databind.SerializationFeature.CLOSE_CLOSEABLE"/>
                            </array>
                        </property>
                        <property name="featuresToDisable">
                            <array>
                                <util:constant
                                        static-field="com.fasterxml.jackson.databind.SerializationFeature.FAIL_ON_EMPTY_BEANS"/>
                            </array>
                        </property>
                    </bean>
                </property>
            </bean>
        </mvc:message-converters>
    </mvc:annotation-driven>

    <bean class="org.springframework.web.servlet.view.ContentNegotiatingViewResolver">
        <property name="contentNegotiationManager" ref="contentNegotiationManager"/>
        <property name="viewResolvers">
            <list>
                <bean class="org.springframework.web.servlet.view.InternalResourceViewResolver">
                    <property name="prefix" value="/"/>
                    <property name="suffix" value=".jsp"/>
                </bean>
            </list>
        </property>
        <property name="defaultViews">
            <list>
                <bean class="org.springframework.web.servlet.view.json.MappingJackson2JsonView"/>
            </list>
        </property>
        <property name="useNotAcceptableStatusCode" value="true"/>
    </bean>

    <bean id="contentNegotiationManager"
          class="org.springframework.web.accept.ContentNegotiationManagerFactoryBean">
        <property name="defaultContentType" value="application/json"/>
        <property name="mediaTypes">
            <value>
                json=application/json
                xml=text/xml
                html=text/html
            </value>
        </property>
    </bean>
    <mvc:default-servlet-handler/>

    <mvc:cors>
        <mvc:mapping path="/**" allowed-origins="*" allow-credentials="true" max-age="1800"
                     allowed-methods="GET,POST,OPTIONS"/>
    </mvc:cors>
</beans>
